{
  "pivot_high": 31.39424705505371,
  "lower_low": 24.365577697753906,
  "pivot_low": 19.622713088989258,
  "higher_high": 12.417268753051758,
  "btc_regime_bear": 8.911848068237305,
  "returns_1": 7.838080406188965,
  "btc_regime_bull": 7.714770317077637,
  "momentum_shift_bearish": 5.852686882019043,
  "bb_upper_20": 5.4776153564453125,
  "pattern_bearish_engulfing": 5.417633533477783,
  "market_range_30d": 5.365481376647949,
  "dist_to_resistance_pct": 5.080983638763428,
  "volatility_14": 5.056203842163086,
  "price_volume_corr_30d": 4.986329078674316,
  "price_position_in_range": 4.985251426696777,
  "price_to_sma_30": 4.953305244445801,
  "sma_50": 4.8494367599487305,
  "rel_strength_7d": 4.842248916625977,
  "atr_30": 4.841277122497559,
  "corr_btc_7d": 4.78936243057251,
  "volume_relative": 4.77008056640625,
  "macd": 4.725132465362549,
  "volume_sma_20": 4.722413063049316,
  "day_of_week_cos": 4.7024736404418945,
  "momentum_7": 4.652554035186768,
  "returns_30": 4.538407802581787,
  "macd_hist": 4.495421886444092,
  "btc_regime_sideways": 4.492834568023682,
  "bb_width_50": 4.47564697265625,
  "volatility_ratio_btc_30d": 4.39772367477417,
  "consecutive_higher_highs": 4.382510662078857,
  "obv_7d_slope": 4.351034164428711,
  "volume_breakout": 4.349799156188965,
  "sma_30": 4.323830604553223,
  "volume_trend_7d": 4.322556972503662,
  "momentum_shift_bullish": 4.308032035827637,
  "consecutive_lower_lows": 4.284131050109863,
  "obv_14d_slope": 4.261062145233154,
  "bb_lower_50": 4.250715732574463,
  "price_to_sma_14": 4.229361534118652,
  "trend_strength_30d": 4.218229293823242,
  "btc_trend_long": 4.206394672393799,
  "momentum_30": 4.204835414886475,
  "trend_consistency": 4.201801776885986,
  "btc_trend_short": 4.195560455322266,
  "beta_btc_30d": 4.18417501449585,
  "pattern_spinning_top": 4.179050922393799,
  "ema_7": 4.176947593688965,
  "crypto_btc_ratio_sma_7": 4.135301113128662,
  "volume_ema_10": 4.1077141761779785,
  "rel_strength_30d": 4.100943088531494,
  "price_to_sma_7": 4.046355247497559,
  "volume_trend_30d": 4.030363082885742,
  "volume_ratio_btc_sma_7": 3.995957851409912,
  "volume_price_divergence_7d": 3.960662364959717,
  "crypto_btc_ratio": 3.9445416927337646,
  "btc_momentum_7d": 3.940950870513916,
  "day_of_week_sin": 3.938370704650879,
  "volume_ratio": 3.9175055027008057,
  "momentum_acceleration": 3.8820993900299072,
  "volatility_7": 3.8787262439727783,
  "btc_momentum_30d": 3.8687667846679688,
  "atr_14_pct": 3.867863893508911,
  "momentum_change_strength": 3.8589141368865967,
  "ema_14": 3.8488292694091797,
  "volatility_30": 3.838589668273926,
  "volume_trend_14d": 3.8041248321533203,
  "btc_momentum_14d": 3.791055917739868,
  "bb_upper_50": 3.783090114593506,
  "month_sin": 3.7824079990386963,
  "day_of_month_cos": 3.780669927597046,
  "rel_strength_14d": 3.7731375694274902,
  "distance_from_low_30d": 3.753117322921753,
  "high_low_range": 3.723398447036743,
  "atr_14": 3.719991445541382,
  "ema_50": 3.7116525173187256,
  "macd_signal": 3.6946535110473633,
  "distance_from_high_30d": 3.6822760105133057,
  "volume_ratio_btc": 3.6777586936950684,
  "crypto_btc_ratio_sma_30": 3.6719679832458496,
  "sma_7": 3.6119344234466553,
  "returns_14": 3.5983314514160156,
  "crypto_btc_ratio_trend": 3.5950844287872314,
  "momentum_14": 3.5339138507843018,
  "rsi_30": 3.510122537612915,
  "bb_width_20": 3.502454996109009,
  "returns_7": 3.4817042350769043,
  "atr_30_pct": 3.4753801822662354,
  "price_volume_corr_7d": 3.4651496410369873,
  "day_of_month_sin": 3.4611332416534424,
  "pattern_bullish_engulfing": 3.3960132598876953,
  "trend_strength_7d": 3.38557767868042,
  "volatility_ratio_btc": 3.348367929458618,
  "beta_btc_7d": 3.3460967540740967,
  "resistance_cluster": 3.33955454826355,
  "dist_to_support_pct": 3.3068320751190186,
  "bb_position_50": 3.283182382583618,
  "bb_position_20": 3.2795772552490234,
  "bb_lower_20": 3.2588753700256348,
  "corr_btc_30d": 3.250277042388916,
  "rsi_14": 3.202907085418701,
  "trend_strength_adx": 3.190136432647705,
  "ema_30": 3.145942211151123,
  "corr_btc_14d": 3.112556219100952,
  "month_cos": 3.089498281478882,
  "pattern_hammer": 3.009021282196045,
  "support_cluster": 2.9291136264801025,
  "market_structure_score": 2.88344669342041,
  "bb_squeeze": 2.451261520385742,
  "regime_sideways": 2.431687593460083,
  "regime_bear": 2.2801690101623535,
  "regime_bull": 2.0206034183502197,
  "sma_14": 1.9575737714767456,
  "vol_regime_medium": 1.8540287017822266
}