{
  "btc": {
    "P1": {
      "v11": {
        "trades": 276,
        "wins": 156,
        "losses": 120,
        "wr": 56.52173913043478,
        "roi": 9.265892860328083
      },
      "atr_7d": {
        "trades": 276,
        "wins": 142,
        "losses": 134,
        "wr": 51.449275362318836,
        "roi": 9.679256149211879
      },
      "conv_2of3": {
        "trades": 276,
        "wins": 142,
        "losses": 134,
        "wr": 51.449275362318836,
        "roi": 9.679256149211879
      },
      "conv_3of3": {
        "trades": 244,
        "wins": 125,
        "losses": 119,
        "wr": 51.229508196721305,
        "roi": 8.555869777285064
      }
    },
    "P2": {
      "v11": {
        "trades": 293,
        "wins": 150,
        "losses": 143,
        "wr": 51.19453924914675,
        "roi": 6.073152719468111
      },
      "atr_7d": {
        "trades": 293,
        "wins": 156,
        "losses": 137,
        "wr": 53.242320819112635,
        "roi": 8.904866092437524
      },
      "conv_2of3": {
        "trades": 293,
        "wins": 156,
        "losses": 137,
        "wr": 53.242320819112635,
        "roi": 8.904866092437524
      },
      "conv_3of3": {
        "trades": 252,
        "wins": 130,
        "losses": 122,
        "wr": 51.587301587301596,
        "roi": 7.525997559055209
      }
    }
  },
  "eth": {
    "P1": {
      "v11": {
        "trades": 316,
        "wins": 198,
        "losses": 118,
        "wr": 62.65822784810127,
        "roi": 15.613154105121673
      },
      "atr_7d": {
        "trades": 316,
        "wins": 165,
        "losses": 151,
        "wr": 52.21518987341772,
        "roi": 16.462214156580313
      },
      "conv_2of3": {
        "trades": 316,
        "wins": 165,
        "losses": 151,
        "wr": 52.21518987341772,
        "roi": 16.462214156580313
      },
      "conv_3of3": {
        "trades": 299,
        "wins": 153,
        "losses": 146,
        "wr": 51.17056856187291,
        "roi": 14.85930213119866
      }
    },
    "P2": {
      "v11": {
        "trades": 331,
        "wins": 211,
        "losses": 120,
        "wr": 63.74622356495468,
        "roi": 17.359029108881742
      },
      "atr_7d": {
        "trades": 331,
        "wins": 165,
        "losses": 166,
        "wr": 49.848942598187314,
        "roi": 18.66509891879935
      },
      "conv_2of3": {
        "trades": 331,
        "wins": 165,
        "losses": 166,
        "wr": 49.848942598187314,
        "roi": 18.66509891879935
      },
      "conv_3of3": {
        "trades": 317,
        "wins": 158,
        "losses": 159,
        "wr": 49.8422712933754,
        "roi": 17.801538149555206
      }
    }
  },
  "sol": {
    "P1": {
      "v11": {
        "trades": 311,
        "wins": 230,
        "losses": 81,
        "wr": 73.95498392282958,
        "roi": 24.83457113136589
      },
      "atr_7d": {
        "trades": 311,
        "wins": 146,
        "losses": 165,
        "wr": 46.94533762057878,
        "roi": 28.95966039521307
      },
      "conv_2of3": {
        "trades": 311,
        "wins": 146,
        "losses": 165,
        "wr": 46.94533762057878,
        "roi": 28.95966039521307
      },
      "conv_3of3": {
        "trades": 311,
        "wins": 146,
        "losses": 165,
        "wr": 46.94533762057878,
        "roi": 28.95966039521307
      }
    },
    "P2": {
      "v11": {
        "trades": 302,
        "wins": 217,
        "losses": 85,
        "wr": 71.8543046357616,
        "roi": 22.27817830659886
      },
      "atr_7d": {
        "trades": 302,
        "wins": 145,
        "losses": 157,
        "wr": 48.01324503311258,
        "roi": 29.765651441295525
      },
      "conv_2of3": {
        "trades": 302,
        "wins": 145,
        "losses": 157,
        "wr": 48.01324503311258,
        "roi": 29.765651441295525
      },
      "conv_3of3": {
        "trades": 302,
        "wins": 145,
        "losses": 157,
        "wr": 48.01324503311258,
        "roi": 29.765651441295525
      }
    }
  }
}