{
  "btc": {
    "P1": {
      "ATR-only": {
        "trades": 322,
        "wins": 162,
        "losses": 160,
        "wr": 50.31055900621118,
        "roi": 10.366766706709418
      },
      "ATR+Sent": {
        "trades": 310,
        "wins": 162,
        "losses": 148,
        "wr": 52.25806451612903,
        "roi": 11.639136882423795
      },
      "ATR+Platt": {
        "trades": 365,
        "wins": 185,
        "losses": 180,
        "wr": 50.68493150684932,
        "roi": 12.127478024666916
      },
      "ATR+Isotonic": {
        "trades": 302,
        "wins": 153,
        "losses": 149,
        "wr": 50.66225165562914,
        "roi": 9.839472692895846
      },
      "ATR+Sent+Platt": {
        "trades": 365,
        "wins": 185,
        "losses": 180,
        "wr": 50.68493150684932,
        "roi": 12.127478024666916
      },
      "sentiment_importance": {
        "fg_value": 0.011359895579516888,
        "fg_ma7": 0.011384737677872181,
        "fg_extreme_fear": 0.013794995844364166,
        "fg_extreme_greed": 0.007816852070391178,
        "fg_change_7d": 0.011165116913616657,
        "funding_rate": 0.0,
        "funding_ma7": 0.0,
        "funding_positive": 0.0,
        "oi_value": 0.0,
        "oi_change_pct": 0.0,
        "oi_ma7_change": 0.0
      }
    },
    "P2": {
      "ATR-only": {
        "trades": 266,
        "wins": 135,
        "losses": 131,
        "wr": 50.75187969924813,
        "roi": 6.750701519551594
      },
      "ATR+Sent": {
        "trades": 250,
        "wins": 126,
        "losses": 124,
        "wr": 50.4,
        "roi": 5.981207267582556
      },
      "ATR+Platt": {
        "trades": 364,
        "wins": 186,
        "losses": 178,
        "wr": 51.098901098901095,
        "roi": 9.240896517575447
      },
      "ATR+Isotonic": {
        "trades": 359,
        "wins": 183,
        "losses": 176,
        "wr": 50.974930362116986,
        "roi": 8.946823428321826
      },
      "ATR+Sent+Platt": {
        "trades": 364,
        "wins": 186,
        "losses": 178,
        "wr": 51.098901098901095,
        "roi": 9.240896517575447
      },
      "sentiment_importance": {
        "fg_value": 0.012586715631186962,
        "fg_ma7": 0.011830843053758144,
        "fg_extreme_fear": 0.015224132686853409,
        "fg_extreme_greed": 0.0,
        "fg_change_7d": 0.012002619914710522,
        "funding_rate": 0.0,
        "funding_ma7": 0.0,
        "funding_positive": 0.0,
        "oi_value": 0.0,
        "oi_change_pct": 0.0,
        "oi_ma7_change": 0.0
      }
    }
  },
  "eth": {
    "P1": {
      "ATR-only": {
        "trades": 311,
        "wins": 161,
        "losses": 150,
        "wr": 51.76848874598071,
        "roi": 15.669072370875693
      },
      "ATR+Sent": {
        "trades": 327,
        "wins": 167,
        "losses": 160,
        "wr": 51.07033639143731,
        "roi": 15.689024053586497
      },
      "ATR+Platt": {
        "trades": 365,
        "wins": 190,
        "losses": 175,
        "wr": 52.054794520547944,
        "roi": 18.349876803069453
      },
      "ATR+Isotonic": {
        "trades": 365,
        "wins": 190,
        "losses": 175,
        "wr": 52.054794520547944,
        "roi": 18.349876803069453
      },
      "ATR+Sent+Platt": {
        "trades": 365,
        "wins": 190,
        "losses": 175,
        "wr": 52.054794520547944,
        "roi": 18.349876803069453
      },
      "sentiment_importance": {
        "fg_value": 0.010399211198091507,
        "fg_ma7": 0.009189717471599579,
        "fg_extreme_fear": 0.0,
        "fg_extreme_greed": 0.0,
        "fg_change_7d": 0.008493326604366302,
        "funding_rate": 0.0,
        "funding_ma7": 0.0,
        "funding_positive": 0.0,
        "oi_value": 0.0,
        "oi_change_pct": 0.0,
        "oi_ma7_change": 0.0
      }
    },
    "P2": {
      "ATR-only": {
        "trades": 325,
        "wins": 162,
        "losses": 163,
        "wr": 49.84615384615385,
        "roi": 17.85888117222514
      },
      "ATR+Sent": {
        "trades": 323,
        "wins": 157,
        "losses": 166,
        "wr": 48.60681114551084,
        "roi": 15.982263703912981
      },
      "ATR+Platt": {
        "trades": 364,
        "wins": 180,
        "losses": 184,
        "wr": 49.45054945054945,
        "roi": 19.501407822967764
      },
      "ATR+Isotonic": {
        "trades": 357,
        "wins": 176,
        "losses": 181,
        "wr": 49.299719887955185,
        "roi": 18.851055033545027
      },
      "ATR+Sent+Platt": {
        "trades": 364,
        "wins": 180,
        "losses": 184,
        "wr": 49.45054945054945,
        "roi": 19.501407822967764
      },
      "sentiment_importance": {
        "fg_value": 0.009051834233105183,
        "fg_ma7": 0.008746185339987278,
        "fg_extreme_fear": 0.0,
        "fg_extreme_greed": 0.0,
        "fg_change_7d": 0.008423342369496822,
        "funding_rate": 0.0,
        "funding_ma7": 0.0,
        "funding_positive": 0.0,
        "oi_value": 0.0,
        "oi_change_pct": 0.0,
        "oi_ma7_change": 0.0
      }
    }
  },
  "sol": {
    "P1": {
      "ATR-only": {
        "trades": 296,
        "wins": 146,
        "losses": 150,
        "wr": 49.32432432432432,
        "roi": 31.2149117418693
      },
      "ATR+Sent": {
        "trades": 299,
        "wins": 144,
        "losses": 155,
        "wr": 48.16053511705686,
        "roi": 29.79574447621809
      },
      "ATR+Platt": {
        "trades": 365,
        "wins": 163,
        "losses": 202,
        "wr": 44.657534246575345,
        "roi": 30.196053423460654
      },
      "ATR+Isotonic": {
        "trades": 365,
        "wins": 163,
        "losses": 202,
        "wr": 44.657534246575345,
        "roi": 30.196053423460654
      },
      "ATR+Sent+Platt": {
        "trades": 365,
        "wins": 163,
        "losses": 202,
        "wr": 44.657534246575345,
        "roi": 30.196053423460654
      },
      "sentiment_importance": {
        "fg_value": 0.01736036129295826,
        "fg_ma7": 0.017654361203312874,
        "fg_extreme_fear": 0.0,
        "fg_extreme_greed": 0.0,
        "fg_change_7d": 0.014608483761548996,
        "funding_rate": 0.0,
        "funding_ma7": 0.0,
        "funding_positive": 0.0,
        "oi_value": 0.0,
        "oi_change_pct": 0.0,
        "oi_ma7_change": 0.0
      }
    },
    "P2": {
      "ATR-only": {
        "trades": 291,
        "wins": 136,
        "losses": 155,
        "wr": 46.735395189003434,
        "roi": 26.306132237144308
      },
      "ATR+Sent": {
        "trades": 303,
        "wins": 141,
        "losses": 162,
        "wr": 46.53465346534654,
        "roi": 27.396758677508725
      },
      "ATR+Platt": {
        "trades": 364,
        "wins": 164,
        "losses": 200,
        "wr": 45.05494505494506,
        "roi": 31.2610023871027
      },
      "ATR+Isotonic": {
        "trades": 364,
        "wins": 164,
        "losses": 200,
        "wr": 45.05494505494506,
        "roi": 31.2610023871027
      },
      "ATR+Sent+Platt": {
        "trades": 364,
        "wins": 164,
        "losses": 200,
        "wr": 45.05494505494506,
        "roi": 31.2610023871027
      },
      "sentiment_importance": {
        "fg_value": 0.016990266740322113,
        "fg_ma7": 0.015641458332538605,
        "fg_extreme_fear": 0.0,
        "fg_extreme_greed": 0.0,
        "fg_change_7d": 0.01475711353123188,
        "funding_rate": 0.0,
        "funding_ma7": 0.0,
        "funding_positive": 0.0,
        "oi_value": 0.0,
        "oi_change_pct": 0.0,
        "oi_ma7_change": 0.0
      }
    }
  }
}