{
  "btc": {
    "P1": {
      "v11": {
        "trades": 276,
        "wr": 56.52173913043478,
        "roi": 9.265892860328083
      },
      "v12_atr": {
        "trades": 276,
        "wr": 51.449275362318836,
        "roi": 9.679256149211879
      },
      "v12_lstm": {
        "trades": 265,
        "wr": 47.924528301886795,
        "roi": 7.270379673073846
      },
      "lstm_importance": {
        "lstm_proba": 0.01734587922692299,
        "lstm_confidence": 0.013178788125514984,
        "lstm_signal": 0.013088364154100418,
        "lstm_agrees_rsi": 0.0
      }
    },
    "P2": {
      "v11": {
        "trades": 293,
        "wr": 51.19453924914675,
        "roi": 6.073152719468111
      },
      "v12_atr": {
        "trades": 293,
        "wr": 53.242320819112635,
        "roi": 8.904866092437524
      },
      "v12_lstm": {
        "trades": 289,
        "wr": 52.94117647058824,
        "roi": 8.621101127898356
      },
      "lstm_importance": {
        "lstm_proba": 0.017608337104320526,
        "lstm_confidence": 0.013812086544930935,
        "lstm_signal": 0.0,
        "lstm_agrees_rsi": 0.010661153122782707
      }
    }
  },
  "eth": {
    "P1": {
      "v11": {
        "trades": 316,
        "wr": 62.65822784810127,
        "roi": 15.613154105121673
      },
      "v12_atr": {
        "trades": 316,
        "wr": 52.21518987341772,
        "roi": 16.462214156580313
      },
      "v12_lstm": {
        "trades": 316,
        "wr": 51.26582278481012,
        "roi": 15.97740987045071
      },
      "lstm_importance": {
        "lstm_proba": 0.01564819924533367,
        "lstm_confidence": 0.010023542679846287,
        "lstm_signal": 0.0,
        "lstm_agrees_rsi": 0.0
      }
    },
    "P2": {
      "v11": {
        "trades": 331,
        "wr": 63.74622356495468,
        "roi": 17.359029108881742
      },
      "v12_atr": {
        "trades": 331,
        "wr": 49.848942598187314,
        "roi": 18.66509891879935
      },
      "v12_lstm": {
        "trades": 298,
        "wr": 49.328859060402685,
        "roi": 15.969272305393822
      },
      "lstm_importance": {
        "lstm_proba": 0.031200649216771126,
        "lstm_confidence": 0.02115597575902939,
        "lstm_signal": 0.03397095948457718,
        "lstm_agrees_rsi": 0.008462199941277504
      }
    }
  },
  "sol": {
    "P1": {
      "v11": {
        "trades": 311,
        "wr": 73.95498392282958,
        "roi": 24.83457113136589
      },
      "v12_atr": {
        "trades": 311,
        "wr": 46.94533762057878,
        "roi": 28.95966039521307
      },
      "v12_lstm": {
        "trades": 314,
        "wr": 46.81528662420382,
        "roi": 29.06628741919168
      },
      "lstm_importance": {
        "lstm_proba": 0.017759626731276512,
        "lstm_confidence": 0.01593032106757164,
        "lstm_signal": 0.0,
        "lstm_agrees_rsi": 0.0
      }
    },
    "P2": {
      "v11": {
        "trades": 302,
        "wr": 71.8543046357616,
        "roi": 22.27817830659886
      },
      "v12_atr": {
        "trades": 302,
        "wr": 48.01324503311258,
        "roi": 29.765651441295525
      },
      "v12_lstm": {
        "trades": 314,
        "wr": 46.81528662420382,
        "roi": 29.456747435240295
      },
      "lstm_importance": {
        "lstm_proba": 0.02136821858584881,
        "lstm_confidence": 0.025144021958112717,
        "lstm_signal": 0.0,
        "lstm_agrees_rsi": 0.0
      }
    }
  }
}