{
  "crypto": "btc",
  "features": 237,
  "train_samples": 2400,
  "val_samples": 600,
  "n_trials": 100,
  "regression": {
    "best_mae": 4.393962163306372,
    "final_mae": 4.393962163306372,
    "final_r2": 0.009346394378347722,
    "pred_min": -3.529470443725586,
    "pred_max": 3.259634494781494,
    "pred_mean": 0.2115379124879837,
    "best_params": {
      "max_depth": 3,
      "learning_rate": 0.01886499455430784,
      "n_estimators": 153,
      "subsample": 0.844670749719371,
      "colsample_bytree": 0.9188743395118695,
      "gamma": 7.362191173995951,
      "min_child_weight": 6,
      "reg_alpha": 1.4315598647883445,
      "reg_lambda": 1.0631548215527775
    }
  },
  "classification": {
    "best_accuracy": 0.4483333333333333,
    "final_accuracy": 0.4483333333333333,
    "best_params": {
      "max_depth": 9,
      "learning_rate": 0.010643059049342585,
      "n_estimators": 478,
      "subsample": 0.6196224836945479,
      "colsample_bytree": 0.6972428914710482,
      "gamma": 9.796376132454487,
      "min_child_weight": 10,
      "reg_alpha": 0.12827858767819778,
      "reg_lambda": 1.838030208651283
    }
  }
}