{
  "crypto": "btc",
  "best_auc": 0.6121068803470298,
  "best_accuracy": 0.5342465753424658,
  "baseline_accuracy": 0.5405,
  "improvement": -0.006253424657534201,
  "n_trials": 201,
  "best_trial_number": 79,
  "hyperparameters": {
    "max_depth": 7,
    "min_child_weight": 6,
    "gamma": 4.7697784825993095,
    "learning_rate": 0.01003310744239273,
    "n_estimators": 358,
    "subsample": 0.9128937738857533,
    "colsample_bytree": 0.5510723114668733,
    "colsample_bylevel": 0.6548207887010038,
    "reg_alpha": 1.2279966696767526,
    "reg_lambda": 0.9672576390746176,
    "scale_pos_weight": 0.4464617218878739
  },
  "complete_params": {
    "max_depth": 7,
    "min_child_weight": 6,
    "gamma": 4.7697784825993095,
    "learning_rate": 0.01003310744239273,
    "n_estimators": 358,
    "subsample": 0.9128937738857533,
    "colsample_bytree": 0.5510723114668733,
    "colsample_bylevel": 0.6548207887010038,
    "reg_alpha": 1.2279966696767526,
    "reg_lambda": 0.9672576390746176,
    "scale_pos_weight": 0.4464617218878739,
    "objective": "binary:logistic",
    "eval_metric": "auc",
    "random_state": 42,
    "tree_method": "hist"
  }
}