{
  "crypto": "btc",
  "original_features": 237,
  "selected_features": 50,
  "baseline_accuracy": 0.5405405405405406,
  "baseline_auc": 0.554441348168338,
  "selected_accuracy": 0.5585585585585585,
  "selected_auc": 0.5599129426601307,
  "accuracy_improvement": 0.018018018018017945,
  "auc_improvement": 0.005471594491792686,
  "selected_feature_names": [
    "1d_atr_pct",
    "1d_momentum_5",
    "1d_volatility_7",
    "1d_volatility_5",
    "1d_volatility_14",
    "1d_trend_7",
    "1d_momentum_3",
    "1d_bb_width",
    "1d_macd_line",
    "1d_stoch_oversold",
    "1d_momentum_7",
    "1d_stoch_overbought",
    "1d_close_lag_5",
    "1d_price_vs_mean_7",
    "1d_volume_ratio_7",
    "1d_volatility_3",
    "1d_position_in_range",
    "1d_macd_signal",
    "1d_price_vs_mean_3",
    "1d_bb_percent",
    "1d_close_lag_3",
    "1d_sma_50",
    "1d_momentum_14",
    "1d_ema_200",
    "1d_stoch_k",
    "1d_volume_trend_3",
    "1d_trend_3",
    "1d_accel_1_3",
    "1d_close_lag_2",
    "1d_volume_trend_14",
    "1d_price_vs_mean_5",
    "1d_sma_200",
    "1d_accel_7_14",
    "1d_accel_5_7",
    "1d_volume_lag_3",
    "1d_rsi_21",
    "1d_volume_trend_7",
    "1d_close_lag_1",
    "1d_obv",
    "1d_volume_ratio_3",
    "1d_price_volume_corr",
    "1d_close_lag_4",
    "1d_cmf_20",
    "1d_atr_14",
    "1d_bb_lower",
    "1d_adx_14",
    "1d_bb_position_momentum",
    "1d_momentum_1",
    "1d_volume_lag_4",
    "1d_macd_histogram"
  ],
  "feature_importances": {
    "1d_atr_pct": 0.02397078275680542,
    "1d_momentum_5": 0.02138645388185978,
    "1d_volatility_7": 0.020603589713573456,
    "1d_volatility_5": 0.018678000196814537,
    "1d_volatility_14": 0.017711687833070755,
    "1d_trend_7": 0.015641696751117706,
    "1d_momentum_3": 0.015569976530969143,
    "1d_bb_width": 0.015159204602241516,
    "1d_macd_line": 0.014988826587796211,
    "1d_stoch_oversold": 0.014883912168443203,
    "1d_momentum_7": 0.014615935273468494,
    "1d_stoch_overbought": 0.014465736225247383,
    "1d_close_lag_5": 0.014290275983512402,
    "1d_price_vs_mean_7": 0.014276289381086826,
    "1d_volume_ratio_7": 0.014253863133490086,
    "1d_volatility_3": 0.014188038185238838,
    "1d_position_in_range": 0.014160221442580223,
    "1d_macd_signal": 0.014134886674582958,
    "1d_price_vs_mean_3": 0.014067882671952248,
    "1d_bb_percent": 0.014039203524589539,
    "1d_close_lag_3": 0.013950323686003685,
    "1d_sma_50": 0.013814728707075119,
    "1d_momentum_14": 0.0137033611536026,
    "1d_ema_200": 0.0136719960719347,
    "1d_stoch_k": 0.01361322682350874,
    "1d_volume_trend_3": 0.013547799549996853,
    "1d_trend_3": 0.013535825535655022,
    "1d_accel_1_3": 0.01331568043678999,
    "1d_close_lag_2": 0.013153646141290665,
    "1d_volume_trend_14": 0.012978621758520603,
    "1d_price_vs_mean_5": 0.012924996204674244,
    "1d_sma_200": 0.01274623442441225,
    "1d_accel_7_14": 0.012735824100673199,
    "1d_accel_5_7": 0.012704907916486263,
    "1d_volume_lag_3": 0.012684198096394539,
    "1d_rsi_21": 0.012620550580322742,
    "1d_volume_trend_7": 0.012524100951850414,
    "1d_close_lag_1": 0.012505565769970417,
    "1d_obv": 0.0124899260699749,
    "1d_volume_ratio_3": 0.012454255484044552,
    "1d_price_volume_corr": 0.012434503063559532,
    "1d_close_lag_4": 0.0123746981844306,
    "1d_cmf_20": 0.012334576807916164,
    "1d_atr_14": 0.012323160655796528,
    "1d_bb_lower": 0.012302258051931858,
    "1d_adx_14": 0.012285148724913597,
    "1d_bb_position_momentum": 0.012278289534151554,
    "1d_momentum_1": 0.012250849045813084,
    "1d_volume_lag_4": 0.01224836241453886,
    "1d_macd_histogram": 0.012240022420883179
  }
}