{
  "crypto": "btc",
  "best_auc": 0.6114354290828469,
  "best_accuracy": 0.5720720720720721,
  "baseline_accuracy": 0.5405,
  "improvement": 0.03157207207207213,
  "n_trials": 100,
  "best_trial_number": 60,
  "hyperparameters": {
    "max_depth": 6,
    "min_child_weight": 8,
    "gamma": 4.991180518730347,
    "learning_rate": 0.047595530450458216,
    "n_estimators": 209,
    "subsample": 0.7984633167786067,
    "colsample_bytree": 0.7193840269982809,
    "colsample_bylevel": 0.9231319073688408,
    "reg_alpha": 1.3871001256440376,
    "reg_lambda": 0.21919153083988757,
    "scale_pos_weight": 0.8629287388599125
  },
  "complete_params": {
    "max_depth": 6,
    "min_child_weight": 8,
    "gamma": 4.991180518730347,
    "learning_rate": 0.047595530450458216,
    "n_estimators": 209,
    "subsample": 0.7984633167786067,
    "colsample_bytree": 0.7193840269982809,
    "colsample_bylevel": 0.9231319073688408,
    "reg_alpha": 1.3871001256440376,
    "reg_lambda": 0.21919153083988757,
    "scale_pos_weight": 0.8629287388599125,
    "objective": "binary:logistic",
    "eval_metric": "auc",
    "random_state": 42,
    "tree_method": "hist"
  }
}