{
  "crypto": "eth",
  "best_auc": 0.5747126436781609,
  "best_accuracy": 0.5112612612612613,
  "baseline_accuracy": 0.5315,
  "improvement": -0.020238738738738715,
  "n_trials": 100,
  "best_trial_number": 74,
  "hyperparameters": {
    "max_depth": 4,
    "min_child_weight": 10,
    "gamma": 4.506731786492648,
    "learning_rate": 0.17853208089791775,
    "n_estimators": 178,
    "subsample": 0.5773677009006707,
    "colsample_bytree": 0.9405579254909844,
    "colsample_bylevel": 0.6427968847273979,
    "reg_alpha": 1.9897634322401696,
    "reg_lambda": 1.6669112136592283,
    "scale_pos_weight": 0.40929424829705296
  },
  "complete_params": {
    "max_depth": 4,
    "min_child_weight": 10,
    "gamma": 4.506731786492648,
    "learning_rate": 0.17853208089791775,
    "n_estimators": 178,
    "subsample": 0.5773677009006707,
    "colsample_bytree": 0.9405579254909844,
    "colsample_bylevel": 0.6427968847273979,
    "reg_alpha": 1.9897634322401696,
    "reg_lambda": 1.6669112136592283,
    "scale_pos_weight": 0.40929424829705296,
    "objective": "binary:logistic",
    "eval_metric": "auc",
    "random_state": 42,
    "tree_method": "hist"
  }
}