{
  "crypto": "eth",
  "best_auc": 0.5790126050420168,
  "best_accuracy": 0.5615212527964206,
  "baseline_accuracy": 0.5315,
  "improvement": 0.03002125279642065,
  "n_trials": 100,
  "best_trial_number": 91,
  "hyperparameters": {
    "max_depth": 4,
    "min_child_weight": 2,
    "gamma": 2.877724900237979,
    "learning_rate": 0.10780540413199091,
    "n_estimators": 299,
    "subsample": 0.8842842282619965,
    "colsample_bytree": 0.640372748842015,
    "colsample_bylevel": 0.8572322879732813,
    "reg_alpha": 0.866380987323819,
    "reg_lambda": 0.09994146260371883,
    "scale_pos_weight": 0.43550827992721275
  },
  "complete_params": {
    "max_depth": 4,
    "min_child_weight": 2,
    "gamma": 2.877724900237979,
    "learning_rate": 0.10780540413199091,
    "n_estimators": 299,
    "subsample": 0.8842842282619965,
    "colsample_bytree": 0.640372748842015,
    "colsample_bylevel": 0.8572322879732813,
    "reg_alpha": 0.866380987323819,
    "reg_lambda": 0.09994146260371883,
    "scale_pos_weight": 0.43550827992721275,
    "objective": "binary:logistic",
    "eval_metric": "auc",
    "random_state": 42,
    "tree_method": "hist"
  }
}