{
  "crypto": "eth",
  "original_features": 348,
  "selected_features": 50,
  "baseline_accuracy": 0.5315315315315315,
  "baseline_auc": 0.5307151979565773,
  "selected_accuracy": 0.5202702702702703,
  "selected_auc": 0.5170285227756493,
  "accuracy_improvement": -0.011261261261261257,
  "auc_improvement": -0.013686675180928032,
  "selected_feature_names": [
    "1d_volatility_7",
    "1d_bb_width",
    "1d_volatility_14",
    "1d_atr_pct",
    "1d_volatility_3",
    "1d_price_vs_mean_14",
    "1d_close_lag_1",
    "1d_momentum_1",
    "1d_volume_ratio_14",
    "1d_volatility_5",
    "1d_sma_20",
    "1d_btc_relative_strength_7",
    "1d_close_lag_5",
    "1d_volume_lag_2",
    "1d_btc_momentum_3",
    "1d_btc_trend",
    "1d_btc_relative_strength_14",
    "1d_macd_line",
    "1d_volume_lag_5",
    "1d_btc_momentum_7",
    "1d_btc_volatility_7",
    "1d_volume_trend_7",
    "1d_price_vs_mean_5",
    "1d_momentum_3",
    "1d_close_lag_4",
    "1d_momentum_7",
    "1d_btc_momentum_ratio_14",
    "1d_volume_lag_3",
    "1d_close_lag_3",
    "1d_position_in_range",
    "1d_macd_signal",
    "1d_rsi_21",
    "1d_price_volume_corr",
    "1d_price_vs_mean_7",
    "1d_obv",
    "1d_accel_7_14",
    "1d_macd_momentum",
    "1d_btc_volatility_ratio_14",
    "1d_btc_momentum_14",
    "1d_btc_volatility_30",
    "1d_btc_corr_7",
    "1d_stoch_d",
    "1d_btc_price_vol_divergence",
    "1d_btc_corr_30",
    "1d_btc_momentum_ratio_7",
    "1d_btc_relative_strength_30",
    "1d_bb_position_momentum",
    "1d_accel_5_7",
    "1d_btc_corr_14",
    "1d_stoch_k"
  ],
  "feature_importances": {
    "1d_volatility_7": 0.02551276423037052,
    "1d_bb_width": 0.015333393588662148,
    "1d_volatility_14": 0.015302464365959167,
    "1d_atr_pct": 0.014094450511038303,
    "1d_volatility_3": 0.013059921562671661,
    "1d_price_vs_mean_14": 0.012686753645539284,
    "1d_close_lag_1": 0.012415306642651558,
    "1d_momentum_1": 0.012139128521084785,
    "1d_volume_ratio_14": 0.012118969112634659,
    "1d_volatility_5": 0.011133198626339436,
    "1d_sma_20": 0.011118664406239986,
    "1d_btc_relative_strength_7": 0.010845789685845375,
    "1d_close_lag_5": 0.010837152600288391,
    "1d_volume_lag_2": 0.010245882906019688,
    "1d_btc_momentum_3": 0.010215377435088158,
    "1d_btc_trend": 0.010196764022111893,
    "1d_btc_relative_strength_14": 0.010185872204601765,
    "1d_macd_line": 0.010147509165108204,
    "1d_volume_lag_5": 0.010137860663235188,
    "1d_btc_momentum_7": 0.010002940893173218,
    "1d_btc_volatility_7": 0.009974289685487747,
    "1d_volume_trend_7": 0.009972936473786831,
    "1d_price_vs_mean_5": 0.009964489378035069,
    "1d_momentum_3": 0.009956146590411663,
    "1d_close_lag_4": 0.009951225481927395,
    "1d_momentum_7": 0.009868352673947811,
    "1d_btc_momentum_ratio_14": 0.009856066666543484,
    "1d_volume_lag_3": 0.009822453372180462,
    "1d_close_lag_3": 0.00978581327944994,
    "1d_position_in_range": 0.009742114692926407,
    "1d_macd_signal": 0.009731481783092022,
    "1d_rsi_21": 0.009684425778687,
    "1d_price_volume_corr": 0.009683553129434586,
    "1d_price_vs_mean_7": 0.009623358026146889,
    "1d_obv": 0.009565066546201706,
    "1d_accel_7_14": 0.009526984766125679,
    "1d_macd_momentum": 0.009498064406216145,
    "1d_btc_volatility_ratio_14": 0.0094929663464427,
    "1d_btc_momentum_14": 0.009474361315369606,
    "1d_btc_volatility_30": 0.009442747570574284,
    "1d_btc_corr_7": 0.009426631964743137,
    "1d_stoch_d": 0.009412258863449097,
    "1d_btc_price_vol_divergence": 0.00939550343900919,
    "1d_btc_corr_30": 0.009368409402668476,
    "1d_btc_momentum_ratio_7": 0.00934465043246746,
    "1d_btc_relative_strength_30": 0.00933848600834608,
    "1d_bb_position_momentum": 0.00931844674050808,
    "1d_accel_5_7": 0.00926955882459879,
    "1d_btc_corr_14": 0.00926259160041809,
    "1d_stoch_k": 0.009240490384399891
  }
}