{
  "crypto": "sol",
  "original_features": 348,
  "selected_features": 50,
  "baseline_accuracy": 0.5563063063063063,
  "baseline_auc": 0.5550165083215417,
  "selected_accuracy": 0.5900900900900901,
  "selected_auc": 0.5721537183028996,
  "accuracy_improvement": 0.03378378378378377,
  "auc_improvement": 0.017137209981357926,
  "selected_feature_names": [
    "1d_btc_volatility_7",
    "1d_bb_width",
    "1d_volatility_3",
    "1d_momentum_14",
    "1d_momentum_5",
    "1d_macd_crossover",
    "1d_ema_26",
    "1d_volatility_5",
    "1d_volatility_7",
    "1d_bb_lower",
    "1d_volume_lag_2",
    "1d_volume_ratio_14",
    "1d_ema_50",
    "1d_close_lag_4",
    "1d_price_vs_mean_14",
    "1d_lower_lows_ratio",
    "1d_volume_ratio_3",
    "1d_btc_corr_60",
    "1d_volume_ratio_7",
    "1d_btc_corr_14",
    "1d_ema_200",
    "1d_accel_5_7",
    "1d_price_vs_mean_7",
    "1d_btc_relative_strength_7",
    "1d_close_lag_5",
    "1d_btc_momentum_3",
    "1d_volume_lag_1",
    "1d_asset_trend",
    "1d_volatility_14",
    "1d_momentum_1",
    "1d_btc_volatility_30",
    "1d_accel_7_14",
    "1d_btc_momentum_ratio_3",
    "1d_btc_relative_strength_30",
    "1d_position_in_range",
    "1d_volume_trend_3",
    "1d_volume_lag_3",
    "1d_btc_trend_diff",
    "1d_atr_14",
    "1d_macd_signal",
    "1d_cmf_20",
    "1d_close_lag_1",
    "1d_trend_7",
    "1d_btc_momentum_ratio_7",
    "1d_macd_momentum",
    "1d_range_expansion",
    "1d_btc_volatility_14",
    "1d_btc_momentum_7",
    "1d_volume_trend_14",
    "1d_btc_volatility_ratio_7"
  ],
  "feature_importances": {
    "1d_btc_volatility_7": 0.020054422318935394,
    "1d_bb_width": 0.01523641124367714,
    "1d_volatility_3": 0.014325479045510292,
    "1d_momentum_14": 0.013163866475224495,
    "1d_momentum_5": 0.012661231681704521,
    "1d_macd_crossover": 0.012532927095890045,
    "1d_ema_26": 0.012390606105327606,
    "1d_volatility_5": 0.012310437858104706,
    "1d_volatility_7": 0.011916758492588997,
    "1d_bb_lower": 0.011903936974704266,
    "1d_volume_lag_2": 0.01165539026260376,
    "1d_volume_ratio_14": 0.01145334541797638,
    "1d_ema_50": 0.011453261598944664,
    "1d_close_lag_4": 0.011195112019777298,
    "1d_price_vs_mean_14": 0.011179102584719658,
    "1d_lower_lows_ratio": 0.01089474093168974,
    "1d_volume_ratio_3": 0.010822493582963943,
    "1d_btc_corr_60": 0.010780369862914085,
    "1d_volume_ratio_7": 0.010637035593390465,
    "1d_btc_corr_14": 0.010627884417772293,
    "1d_ema_200": 0.010435385629534721,
    "1d_accel_5_7": 0.010342007502913475,
    "1d_price_vs_mean_7": 0.010324760340154171,
    "1d_btc_relative_strength_7": 0.010289689525961876,
    "1d_close_lag_5": 0.01008155383169651,
    "1d_btc_momentum_3": 0.010024737566709518,
    "1d_volume_lag_1": 0.01001609954982996,
    "1d_asset_trend": 0.010010853409767151,
    "1d_volatility_14": 0.01000180933624506,
    "1d_momentum_1": 0.009987521916627884,
    "1d_btc_volatility_30": 0.009985187090933323,
    "1d_accel_7_14": 0.009955632500350475,
    "1d_btc_momentum_ratio_3": 0.009909569285809994,
    "1d_btc_relative_strength_30": 0.009870743378996849,
    "1d_position_in_range": 0.009865516796708107,
    "1d_volume_trend_3": 0.009692407213151455,
    "1d_volume_lag_3": 0.009654575958848,
    "1d_btc_trend_diff": 0.00956052727997303,
    "1d_atr_14": 0.009539592079818249,
    "1d_macd_signal": 0.009530652314424515,
    "1d_cmf_20": 0.009470854885876179,
    "1d_close_lag_1": 0.009413165040314198,
    "1d_trend_7": 0.00940309464931488,
    "1d_btc_momentum_ratio_7": 0.009398283436894417,
    "1d_macd_momentum": 0.009273991920053959,
    "1d_range_expansion": 0.009242016822099686,
    "1d_btc_volatility_14": 0.009216135367751122,
    "1d_btc_momentum_7": 0.009213186800479889,
    "1d_volume_trend_14": 0.009169081225991249,
    "1d_btc_volatility_ratio_7": 0.009067317470908165
  }
}