{
  "crypto": "sol",
  "best_auc": 0.5861015654830088,
  "best_accuracy": 0.6306306306306306,
  "baseline_accuracy": 0.5563,
  "improvement": 0.07433063063063061,
  "n_trials": 100,
  "best_trial_number": 78,
  "hyperparameters": {
    "max_depth": 5,
    "min_child_weight": 4,
    "gamma": 4.755655413276438,
    "learning_rate": 0.19440783624601293,
    "n_estimators": 377,
    "subsample": 0.6588318363738082,
    "colsample_bytree": 0.846607367852023,
    "colsample_bylevel": 0.8960331327882423,
    "reg_alpha": 0.649491125293665,
    "reg_lambda": 1.0716053236477092,
    "scale_pos_weight": 1.4207605946550381
  },
  "complete_params": {
    "max_depth": 5,
    "min_child_weight": 4,
    "gamma": 4.755655413276438,
    "learning_rate": 0.19440783624601293,
    "n_estimators": 377,
    "subsample": 0.6588318363738082,
    "colsample_bytree": 0.846607367852023,
    "colsample_bylevel": 0.8960331327882423,
    "reg_alpha": 0.649491125293665,
    "reg_lambda": 1.0716053236477092,
    "scale_pos_weight": 1.4207605946550381,
    "objective": "binary:logistic",
    "eval_metric": "auc",
    "random_state": 42,
    "tree_method": "hist"
  }
}