{
  "crypto": "sol",
  "best_auc": 0.5878985812614131,
  "best_accuracy": 0.6876712328767123,
  "baseline_accuracy": 0.5563,
  "improvement": 0.13137123287671226,
  "n_trials": 200,
  "best_trial_number": 73,
  "hyperparameters": {
    "max_depth": 5,
    "min_child_weight": 8,
    "gamma": 0.8069738154290379,
    "learning_rate": 0.03365055141141762,
    "n_estimators": 392,
    "subsample": 0.6771382382590475,
    "colsample_bytree": 0.7144146204557625,
    "colsample_bylevel": 0.6420221060156666,
    "reg_alpha": 0.214020934488192,
    "reg_lambda": 0.43973782562281033,
    "scale_pos_weight": 1.987076418258256
  },
  "complete_params": {
    "max_depth": 5,
    "min_child_weight": 8,
    "gamma": 0.8069738154290379,
    "learning_rate": 0.03365055141141762,
    "n_estimators": 392,
    "subsample": 0.6771382382590475,
    "colsample_bytree": 0.7144146204557625,
    "colsample_bylevel": 0.6420221060156666,
    "reg_alpha": 0.214020934488192,
    "reg_lambda": 0.43973782562281033,
    "scale_pos_weight": 1.987076418258256,
    "objective": "binary:logistic",
    "eval_metric": "auc",
    "random_state": 42,
    "tree_method": "hist"
  }
}