{
  "btc": {
    "crypto": "BTC",
    "initial_capital": 10000.0,
    "final_capital": 10208.433604254227,
    "total_roi": 2.0843360425422786,
    "total_pnl": 208.43360425422895,
    "total_trades": 28,
    "wins": 21,
    "losses": 7,
    "win_rate": 75.0,
    "avg_win": 13.138065815077713,
    "avg_loss": -9.637968266057573,
    "profit_factor": 4.089471593721648,
    "max_drawdown": -0.37945884286854903,
    "avg_hold_periods": 1.0714285714285714,
    "avg_prob_tp": 0.714017391204834
  },
  "eth": {
    "crypto": "ETH",
    "initial_capital": 10000.0,
    "final_capital": 10284.731664716377,
    "total_roi": 2.847316647163778,
    "total_pnl": 284.73166471637853,
    "total_trades": 32,
    "wins": 26,
    "losses": 6,
    "win_rate": 81.25,
    "avg_win": 13.171360863424376,
    "avg_loss": -9.620619622109206,
    "profit_factor": 5.932663312420385,
    "max_drawdown": -0.09500000000000745,
    "avg_hold_periods": 1.0,
    "avg_prob_tp": 0.734177827835083
  },
  "sol": {
    "crypto": "SOL",
    "initial_capital": 10000.0,
    "final_capital": 10323.906641396652,
    "total_roi": 3.239066413966518,
    "total_pnl": 323.90664139665114,
    "total_trades": 28,
    "wins": 26,
    "losses": 2,
    "win_rate": 92.85714285714286,
    "avg_win": 13.204196189665085,
    "avg_loss": -9.701229767320555,
    "profit_factor": 17.694102148150282,
    "max_drawdown": -0.09499999999999685,
    "avg_hold_periods": 1.0,
    "avg_prob_tp": 0.7124217748641968
  }
}