{
  "btc": {
    "crypto": "BTC",
    "initial_capital": 10000.0,
    "final_capital": 10070.606143817979,
    "total_roi": 0.7060614381797947,
    "total_pnl": 70.60614381798119,
    "total_trades": 21,
    "wins": 12,
    "losses": 9,
    "win_rate": 57.14285714285714,
    "avg_win": 13.036342580164707,
    "avg_loss": -9.536663015999475,
    "profit_factor": 1.8226281119218728,
    "max_drawdown": -0.18990974999999927,
    "avg_hold_periods": 1.0,
    "avg_prob_tp": 0.7151103019714355
  },
  "eth": {
    "crypto": "ETH",
    "initial_capital": 10000.0,
    "final_capital": 10372.445050336042,
    "total_roi": 3.7244505033604325,
    "total_pnl": 372.4450503360411,
    "total_trades": 42,
    "wins": 34,
    "losses": 8,
    "win_rate": 80.95238095238095,
    "avg_win": 13.237194105092753,
    "avg_loss": -9.702443654639062,
    "profit_factor": 5.798340804560647,
    "max_drawdown": -0.09500000000000679,
    "avg_hold_periods": 1.0,
    "avg_prob_tp": 0.721479058265686
  },
  "sol": {
    "crypto": "SOL",
    "initial_capital": 10000.0,
    "final_capital": 10724.387990517536,
    "total_roi": 7.2438799051753655,
    "total_pnl": 724.387990517539,
    "total_trades": 85,
    "wins": 67,
    "losses": 18,
    "win_rate": 78.82352941176471,
    "avg_win": 13.438634796842875,
    "avg_loss": -9.777807826162977,
    "profit_factor": 5.1158282067369,
    "max_drawdown": -0.28472933573750353,
    "avg_hold_periods": 1.0,
    "avg_prob_tp": 0.8416370153427124
  }
}