{
  "crypto": "btc",
  "initial_capital": 10000.0,
  "final_capital": 9965.103174337051,
  "total_roi": -0.3489682566294894,
  "total_trades": 78,
  "wins": 73,
  "losses": 5,
  "win_rate": 93.58974358974359,
  "avg_win": -0.11985168926874572,
  "avg_loss": -5.2295304692665106,
  "profit_factor": -0.3346064572349872,
  "max_drawdown": -0.3445967994630031,
  "sharpe_ratio": -3.1724662428885124,
  "avg_hold_periods": 1.0128205128205128,
  "avg_predicted_magnitude": 0.0398084856569767,
  "avg_confidence": 0.41319915652275085
}