{
  "crypto": "sol",
  "initial_capital": 10000.0,
  "final_capital": 9993.79500334497,
  "total_roi": -0.06204996655029271,
  "total_trades": 2,
  "wins": 1,
  "losses": 1,
  "win_rate": 50.0,
  "avg_win": -1.5857301450195167,
  "avg_loss": -4.619266510009781,
  "profit_factor": -0.3432861346240356,
  "max_drawdown": -0.015864629745483947,
  "sharpe_ratio": -32.48245406186514,
  "avg_hold_periods": 1.0,
  "avg_predicted_magnitude": -0.3466108441352844,
  "avg_confidence": 0.553160548210144
}