{
  "crypto": "eth",
  "version": "v12_atr_lstm",
  "use_lstm": true,
  "features": 353,
  "lstm_features": [
    "lstm_proba",
    "lstm_confidence",
    "lstm_signal",
    "lstm_agrees_rsi"
  ],
  "train_samples": 2553,
  "test_samples": 447,
  "test_metrics": {
    "accuracy": 0.5257270693512305,
    "auc": 0.4989075630252101,
    "tp_precision": 0.5943396226415094,
    "tp_recall": 0.6948529411764706,
    "tp_f1": 0.6406779661016949
  }
}