{
  "pivot_high": 26.913021087646484,
  "lower_low": 19.024106979370117,
  "higher_high": 18.363723754882812,
  "pivot_low": 17.879865646362305,
  "returns_1": 8.228874206542969,
  "pattern_doji": 8.035799026489258,
  "btc_regime_sideways": 7.959092140197754,
  "price_to_sma_7": 7.324365139007568,
  "momentum_shift_bullish": 7.29637336730957,
  "btc_regime_bear": 7.271681785583496,
  "bb_lower_20": 7.004727840423584,
  "returns_14": 6.620737075805664,
  "volume_relative": 6.433319091796875,
  "pattern_bearish_engulfing": 6.388006210327148,
  "price_to_sma_30": 6.362485885620117,
  "high_low_range": 6.337890625,
  "atr_14": 6.244588851928711,
  "price_to_sma_14": 6.191582679748535,
  "corr_btc_30d": 6.134313583374023,
  "rsi_14": 6.125026702880859,
  "bb_upper_50": 6.11529541015625,
  "volume_trend_30d": 6.073157787322998,
  "atr_30_pct": 6.058959007263184,
  "dist_to_support_pct": 5.923421382904053,
  "btc_momentum_14d": 5.917275905609131,
  "dist_to_resistance_pct": 5.867330551147461,
  "crypto_btc_ratio_sma_7": 5.691615581512451,
  "btc_momentum_30d": 5.675007343292236,
  "bb_position_50": 5.6563029289245605,
  "volume_breakout": 5.6350932121276855,
  "ema_30": 5.619494915008545,
  "rel_strength_7d": 5.521209239959717,
  "atr_30": 5.4658284187316895,
  "rel_strength_14d": 5.463310718536377,
  "trend_strength_7d": 5.462602138519287,
  "corr_btc_14d": 5.438371658325195,
  "volatility_ratio_btc_30d": 5.367397785186768,
  "volume_ratio": 5.362148761749268,
  "crypto_btc_ratio_sma_30": 5.359442234039307,
  "price_volume_corr_7d": 5.335252285003662,
  "volume_sma_20": 5.290559768676758,
  "macd_hist": 5.287222862243652,
  "atr_14_pct": 5.250130653381348,
  "returns_7": 5.224611282348633,
  "sma_7": 5.203954696655273,
  "momentum_7": 5.18720817565918,
  "support_cluster": 5.168019771575928,
  "volume_ratio_btc_sma_7": 5.151764869689941,
  "ema_7": 5.136882305145264,
  "sma_30": 5.103065490722656,
  "momentum_acceleration": 5.094470500946045,
  "volume_ema_10": 5.076264381408691,
  "month_sin": 5.075328350067139,
  "price_position_in_range": 5.045677185058594,
  "macd": 5.026339530944824,
  "trend_strength_adx": 4.993526458740234,
  "crypto_btc_ratio": 4.989028453826904,
  "day_of_week_cos": 4.984933376312256,
  "rsi_30": 4.984061241149902,
  "momentum_30": 4.90933084487915,
  "volatility_14": 4.905412197113037,
  "obv_7d_slope": 4.904940128326416,
  "price_volume_corr_30d": 4.900566577911377,
  "volatility_ratio_btc": 4.892158031463623,
  "sma_14": 4.879798889160156,
  "market_range_30d": 4.879214286804199,
  "bb_squeeze": 4.873323440551758,
  "crypto_btc_ratio_trend": 4.810230255126953,
  "volatility_7": 4.804299354553223,
  "btc_momentum_7d": 4.800515174865723,
  "volume_trend_7d": 4.799753189086914,
  "beta_btc_30d": 4.7446746826171875,
  "trend_consistency": 4.723326683044434,
  "day_of_month_cos": 4.716670513153076,
  "rel_strength_30d": 4.654850959777832,
  "corr_btc_7d": 4.63958215713501,
  "btc_trend_long": 4.633396625518799,
  "bb_width_20": 4.624709129333496,
  "day_of_week_sin": 4.6077704429626465,
  "vol_regime_medium": 4.546337127685547,
  "momentum_14": 4.545581817626953,
  "returns_30": 4.518337249755859,
  "obv_14d_slope": 4.5046892166137695,
  "beta_btc_7d": 4.491944313049316,
  "sma_50": 4.482143878936768,
  "momentum_shift_bearish": 4.481057167053223,
  "volatility_30": 4.467382431030273,
  "resistance_cluster": 4.4479875564575195,
  "trend_strength_30d": 4.443273067474365,
  "consecutive_higher_highs": 4.422055244445801,
  "bb_position_20": 4.376702785491943,
  "volume_ratio_btc": 4.364036560058594,
  "day_of_month_sin": 4.1617608070373535,
  "month_cos": 4.12501859664917,
  "volume_trend_14d": 4.087762832641602,
  "market_structure_score": 4.077093124389648,
  "btc_trend_short": 4.047048568725586,
  "bb_width_50": 4.023683547973633,
  "macd_signal": 3.896268129348755,
  "pattern_spinning_top": 3.8915863037109375,
  "ema_50": 3.889944314956665,
  "momentum_change_strength": 3.858017921447754,
  "bb_lower_50": 3.8281800746917725,
  "distance_from_low_30d": 3.8192086219787598,
  "distance_from_high_30d": 3.8061435222625732,
  "volume_price_divergence_7d": 3.5857090950012207,
  "consecutive_lower_lows": 3.574765205383301,
  "bb_upper_20": 2.640610933303833,
  "ema_14": 2.0043201446533203
}