{
  "crypto": "btc",
  "version": "v11_pro",
  "features": 237,
  "train_samples": 2553,
  "test_samples": 447,
  "class_distribution_train": {
    "SL": 1124,
    "TP": 1429,
    "SL_pct": 44.026635330983154,
    "TP_pct": 55.973364669016846
  },
  "test_metrics": {
    "accuracy": 0.5570469798657718,
    "auc": 0.5823000682155612,
    "tp_class": {
      "precision": 0.5380710659898477,
      "recall": 0.49765258215962443,
      "f1": 0.5170731707317073
    },
    "sl_class": {
      "precision": 0.572,
      "recall": 0.6111111111111112,
      "f1": 0.5909090909090909
    },
    "confusion_matrix": {
      "true_sl": 143,
      "false_tp": 91,
      "false_sl": 107,
      "true_tp": 106
    },
    "prob_distribution": {
      "min": 0.15027859807014465,
      "max": 0.9126171469688416,
      "mean": 0.48448583483695984,
      "std": 0.16108351945877075
    }
  },
  "hyperparameters": {
    "objective": "binary:logistic",
    "eval_metric": "auc",
    "max_depth": 6,
    "learning_rate": 0.05,
    "n_estimators": 200,
    "gamma": 2,
    "min_child_weight": 1,
    "subsample": 0.8,
    "colsample_bytree": 0.8,
    "reg_alpha": 0.1,
    "reg_lambda": 1.0,
    "scale_pos_weight": 0.7865640307907628,
    "random_state": 42,
    "tree_method": "hist"
  }
}