{
  "crypto": "btc",
  "version": "v11_pro",
  "features": 237,
  "train_samples": 2400,
  "test_samples": 600,
  "class_distribution_train": {
    "SL": 1053,
    "TP": 1347,
    "SL_pct": 43.875,
    "TP_pct": 56.125
  },
  "test_metrics": {
    "accuracy": 0.5233333333333333,
    "auc": 0.5524648826458037,
    "tp_class": {
      "precision": 0.5201612903225806,
      "recall": 0.4358108108108108,
      "f1": 0.4742647058823529
    },
    "sl_class": {
      "precision": 0.5255681818181818,
      "recall": 0.6085526315789473,
      "f1": 0.5640243902439024
    },
    "confusion_matrix": {
      "true_sl": 185,
      "false_tp": 119,
      "false_sl": 167,
      "true_tp": 129
    },
    "prob_distribution": {
      "min": 0.19192248582839966,
      "max": 0.910761296749115,
      "mean": 0.47823411226272583,
      "std": 0.14106671512126923
    }
  },
  "hyperparameters": {
    "objective": "binary:logistic",
    "eval_metric": "auc",
    "max_depth": 6,
    "learning_rate": 0.05,
    "n_estimators": 200,
    "gamma": 2,
    "min_child_weight": 1,
    "subsample": 0.8,
    "colsample_bytree": 0.8,
    "reg_alpha": 0.1,
    "reg_lambda": 1.0,
    "scale_pos_weight": 0.7817371937639198,
    "random_state": 42,
    "tree_method": "hist"
  }
}