{
  "crypto": "btc",
  "version": "v11_pro",
  "features": 237,
  "train_samples": 2556,
  "test_samples": 444,
  "class_distribution_train": {
    "SL": 1124,
    "TP": 1432,
    "SL_pct": 43.97496087636933,
    "TP_pct": 56.02503912363067
  },
  "test_metrics": {
    "accuracy": 0.5405405405405406,
    "auc": 0.554441348168338,
    "tp_class": {
      "precision": 0.5167464114832536,
      "recall": 0.5118483412322274,
      "f1": 0.5142857142857142
    },
    "sl_class": {
      "precision": 0.5617021276595745,
      "recall": 0.5665236051502146,
      "f1": 0.5641025641025641
    },
    "confusion_matrix": {
      "true_sl": 132,
      "false_tp": 101,
      "false_sl": 103,
      "true_tp": 108
    },
    "prob_distribution": {
      "min": 0.14197923243045807,
      "max": 0.9389010071754456,
      "mean": 0.4999743700027466,
      "std": 0.1478223204612732
    }
  },
  "hyperparameters": {
    "objective": "binary:logistic",
    "eval_metric": "auc",
    "max_depth": 6,
    "learning_rate": 0.05,
    "n_estimators": 200,
    "gamma": 2,
    "min_child_weight": 1,
    "subsample": 0.8,
    "colsample_bytree": 0.8,
    "reg_alpha": 0.1,
    "reg_lambda": 1.0,
    "scale_pos_weight": 0.7849162011173184,
    "random_state": 42,
    "tree_method": "hist"
  }
}