{
  "crypto": "eth",
  "version": "v11_pro",
  "features": 348,
  "train_samples": 2556,
  "test_samples": 444,
  "class_distribution_train": {
    "SL": 934,
    "TP": 1622,
    "SL_pct": 36.5414710485133,
    "TP_pct": 63.458528951486706
  },
  "test_metrics": {
    "accuracy": 0.5315315315315315,
    "auc": 0.5307151979565773,
    "tp_class": {
      "precision": 0.6131386861313869,
      "recall": 0.6222222222222222,
      "f1": 0.6176470588235294
    },
    "sl_class": {
      "precision": 0.4,
      "recall": 0.39080459770114945,
      "f1": 0.3953488372093023
    },
    "confusion_matrix": {
      "true_sl": 68,
      "false_tp": 106,
      "false_sl": 102,
      "true_tp": 168
    },
    "prob_distribution": {
      "min": 0.23523922264575958,
      "max": 0.9435416460037231,
      "mean": 0.5666618943214417,
      "std": 0.16271422803401947
    }
  },
  "hyperparameters": {
    "objective": "binary:logistic",
    "eval_metric": "auc",
    "max_depth": 6,
    "learning_rate": 0.05,
    "n_estimators": 200,
    "gamma": 2,
    "min_child_weight": 1,
    "subsample": 0.8,
    "colsample_bytree": 0.8,
    "reg_alpha": 0.1,
    "reg_lambda": 1.0,
    "scale_pos_weight": 0.5758323057953144,
    "random_state": 42,
    "tree_method": "hist"
  }
}