{
  "crypto": "eth",
  "version": "v11_pro",
  "features": 348,
  "train_samples": 2553,
  "test_samples": 447,
  "class_distribution_train": {
    "SL": 934,
    "TP": 1619,
    "SL_pct": 36.58441049745397,
    "TP_pct": 63.41558950254602
  },
  "test_metrics": {
    "accuracy": 0.5458612975391499,
    "auc": 0.5493487394957983,
    "tp_class": {
      "precision": 0.6177474402730375,
      "recall": 0.6654411764705882,
      "f1": 0.6407079646017699
    },
    "sl_class": {
      "precision": 0.4090909090909091,
      "recall": 0.36,
      "f1": 0.3829787234042553
    },
    "confusion_matrix": {
      "true_sl": 63,
      "false_tp": 112,
      "false_sl": 91,
      "true_tp": 181
    },
    "prob_distribution": {
      "min": 0.24488437175750732,
      "max": 0.9468198418617249,
      "mean": 0.5739293694496155,
      "std": 0.14990432560443878
    }
  },
  "hyperparameters": {
    "objective": "binary:logistic",
    "eval_metric": "auc",
    "max_depth": 6,
    "learning_rate": 0.05,
    "n_estimators": 200,
    "gamma": 2,
    "min_child_weight": 1,
    "subsample": 0.8,
    "colsample_bytree": 0.8,
    "reg_alpha": 0.1,
    "reg_lambda": 1.0,
    "scale_pos_weight": 0.576899320568252,
    "random_state": 42,
    "tree_method": "hist"
  }
}