{
  "crypto": "sol",
  "version": "v11_pro",
  "features": 348,
  "train_samples": 1604,
  "test_samples": 444,
  "class_distribution_train": {
    "SL": 386,
    "TP": 1218,
    "SL_pct": 24.064837905236907,
    "TP_pct": 75.93516209476309
  },
  "test_metrics": {
    "accuracy": 0.5563063063063063,
    "auc": 0.5550165083215417,
    "tp_class": {
      "precision": 0.678030303030303,
      "recall": 0.6151202749140894,
      "f1": 0.645045045045045
    },
    "sl_class": {
      "precision": 0.37777777777777777,
      "recall": 0.4444444444444444,
      "f1": 0.4084084084084084
    },
    "confusion_matrix": {
      "true_sl": 68,
      "false_tp": 85,
      "false_sl": 112,
      "true_tp": 179
    },
    "prob_distribution": {
      "min": 0.19687992334365845,
      "max": 0.9241300225257874,
      "mean": 0.5399237275123596,
      "std": 0.13532191514968872
    }
  },
  "hyperparameters": {
    "objective": "binary:logistic",
    "eval_metric": "auc",
    "max_depth": 6,
    "learning_rate": 0.05,
    "n_estimators": 200,
    "gamma": 2,
    "min_child_weight": 1,
    "subsample": 0.8,
    "colsample_bytree": 0.8,
    "reg_alpha": 0.1,
    "reg_lambda": 1.0,
    "scale_pos_weight": 0.3169129720853859,
    "random_state": 42,
    "tree_method": "hist"
  }
}