{
  "crypto": "sol",
  "features": 348,
  "train_samples": 1639,
  "val_samples": 409,
  "n_trials": 100,
  "regression": {
    "best_mae": 7.737588047606255,
    "final_mae": 7.737588047606255,
    "final_r2": 0.010781315176152884,
    "pred_min": -3.1467373371124268,
    "pred_max": 6.690243244171143,
    "pred_mean": 0.7826604247093201,
    "best_params": {
      "max_depth": 3,
      "learning_rate": 0.016155985343507238,
      "n_estimators": 149,
      "subsample": 0.7262347471069044,
      "colsample_bytree": 0.9909389788063974,
      "gamma": 3.7684198813665826,
      "min_child_weight": 1,
      "reg_alpha": 0.11379288255519113,
      "reg_lambda": 1.6650140302428884
    }
  },
  "classification": {
    "best_accuracy": 0.43031784841075793,
    "final_accuracy": 0.43031784841075793,
    "best_params": {
      "max_depth": 10,
      "learning_rate": 0.027505858918145176,
      "n_estimators": 277,
      "subsample": 0.7393108462964766,
      "colsample_bytree": 0.6746883209072249,
      "gamma": 8.538884370042027,
      "min_child_weight": 8,
      "reg_alpha": 1.8958265594720896,
      "reg_lambda": 1.7663434501819966
    }
  }
}