{
  "crypto": "sol",
  "version": "v11_pro",
  "features": 348,
  "train_samples": 1638,
  "test_samples": 410,
  "class_distribution_train": {
    "SL": 395,
    "TP": 1243,
    "SL_pct": 24.114774114774114,
    "TP_pct": 75.88522588522588
  },
  "test_metrics": {
    "accuracy": 0.5658536585365853,
    "auc": 0.5426326232247284,
    "tp_class": {
      "precision": 0.6964285714285714,
      "recall": 0.5864661654135338,
      "f1": 0.636734693877551
    },
    "sl_class": {
      "precision": 0.40860215053763443,
      "recall": 0.5277777777777778,
      "f1": 0.46060606060606063
    },
    "confusion_matrix": {
      "true_sl": 76,
      "false_tp": 68,
      "false_sl": 110,
      "true_tp": 156
    },
    "prob_distribution": {
      "min": 0.25614404678344727,
      "max": 0.9355350732803345,
      "mean": 0.5351572036743164,
      "std": 0.153171569108963
    }
  },
  "hyperparameters": {
    "objective": "binary:logistic",
    "eval_metric": "auc",
    "max_depth": 6,
    "learning_rate": 0.05,
    "n_estimators": 200,
    "gamma": 2,
    "min_child_weight": 1,
    "subsample": 0.8,
    "colsample_bytree": 0.8,
    "reg_alpha": 0.1,
    "reg_lambda": 1.0,
    "scale_pos_weight": 0.3177795655671762,
    "random_state": 42,
    "tree_method": "hist"
  }
}