{
  "crypto": "sol",
  "version": "v11_pro",
  "features": 348,
  "train_samples": 1604,
  "test_samples": 447,
  "class_distribution_train": {
    "SL": 386,
    "TP": 1218,
    "SL_pct": 24.064837905236907,
    "TP_pct": 75.93516209476309
  },
  "test_metrics": {
    "accuracy": 0.6532438478747203,
    "auc": 0.5725366783387261,
    "tp_class": {
      "precision": 0.6589861751152074,
      "recall": 0.9761092150170648,
      "f1": 0.7867950481430537
    },
    "sl_class": {
      "precision": 0.46153846153846156,
      "recall": 0.03896103896103896,
      "f1": 0.0718562874251497
    },
    "confusion_matrix": {
      "true_sl": 6,
      "false_tp": 148,
      "false_sl": 7,
      "true_tp": 286
    },
    "prob_distribution": {
      "min": 0.35853657126426697,
      "max": 0.992831826210022,
      "mean": 0.7951806783676147,
      "std": 0.1275153011083603
    }
  },
  "hyperparameters": {
    "max_depth": 5,
    "min_child_weight": 8,
    "gamma": 0.8069738154290379,
    "learning_rate": 0.03365055141141762,
    "n_estimators": 392,
    "subsample": 0.6771382382590475,
    "colsample_bytree": 0.7144146204557625,
    "colsample_bylevel": 0.6420221060156666,
    "reg_alpha": 0.214020934488192,
    "reg_lambda": 0.43973782562281033,
    "scale_pos_weight": 1.987076418258256,
    "objective": "binary:logistic",
    "eval_metric": "auc",
    "random_state": 42,
    "tree_method": "hist"
  }
}